precision,recall,f1-score,support,status,source
0.0,0.0,0.0,168.0,on,1
0.5611111111111111,1.0,0.7187515198677108,252.5,on,2
0.2222222222222222,0.3333333333333333,0.26666666666666666,258.3333333333333,on,3
0.1527777777777778,0.25,0.18965517241379312,235.75,on,4
